secname,filename,entitytype,assetclass,reportdate,url
AFS SenSub Corp.,AFS_SenSub_Corp._20170502_0001347185-17-000016.xml,Depositor,Auto Loans,20170502,https://www.sec.gov//Archives/edgar/data/1347185/000134718517000016/exh1025730032017.xml
AFS SenSub Corp.,AFS_SenSub_Corp._20170207_0001347185-17-000010.xml,Depositor,Auto Loans,20170207,https://www.sec.gov//Archives/edgar/data/1347185/000134718517000010/exh1025710122016.xml
Ally Auto Assets LLC,Ally_Auto_Assets_LLC_20170525_0001679731-17-000023.xml,Depositor,Auto Loans,20170525,https://www.sec.gov//Archives/edgar/data/1477336/000167973117000023/ex102apr2017aart201711.xml
Ally Auto Assets LLC,Ally_Auto_Assets_LLC_20170525_0001700667-17-000013.xml,Depositor,Auto Loans,20170525,https://www.sec.gov//Archives/edgar/data/1477336/000170066717000013/ex102apr2017aart201721.xml
Ally Auto Assets LLC,Ally_Auto_Assets_LLC_20170511_0001705002-17-000002.xml,Depositor,Auto Loans,20170511,https://www.sec.gov//Archives/edgar/data/1477336/000170500217000002/ex102may2017AART20173_1.xml
Ally Auto Assets LLC,Ally_Auto_Assets_LLC_20170427_0001679731-17-000017.xml,Depositor,Auto Loans,20170427,https://www.sec.gov//Archives/edgar/data/1477336/000167973117000017/ex102mar2017aart201711.xml
Ally Auto Assets LLC,Ally_Auto_Assets_LLC_20170427_0001700667-17-000009.xml,Depositor,Auto Loans,20170427,https://www.sec.gov//Archives/edgar/data/1477336/000170066717000009/ex102mar2017aart201721.xml
Ally Auto Assets LLC,Ally_Auto_Assets_LLC_20170328_0001679731-17-000012.xml,Depositor,Auto Loans,20170328,https://www.sec.gov//Archives/edgar/data/1477336/000167973117000012/ex102feb2017aart201711.xml
Ally Auto Assets LLC,Ally_Auto_Assets_LLC_20170315_0001700667-17-000003.xml,Depositor,Auto Loans,20170315,https://www.sec.gov//Archives/edgar/data/1477336/000170066717000003/ex102mar2017AART20172_1.xml
Ally Auto Assets LLC,Ally_Auto_Assets_LLC_20170216_0001679731-17-000006.xml,Depositor,Auto Loans,20170216,https://www.sec.gov//Archives/edgar/data/1477336/000167973117000006/ex102aart20171jan2017.xml
Ally Auto Assets LLC,Ally_Auto_Assets_LLC_20170119_0001477336-17-000006.xml,Depositor,Auto Loans,20170119,https://www.sec.gov//Archives/edgar/data/1477336/000147733617000006/ex102jan2017AART20171.xml
Ally Auto Receivables Trust 2017-1,Ally_Auto_Receivables_Trust_2017-1_20170525_0001679731-17-000023.xml,Trust,Auto Loans,20170525,https://www.sec.gov//Archives/edgar/data/1477336/000167973117000023/ex102apr2017aart201711.xml
Ally Auto Receivables Trust 2017-2,Ally_Auto_Receivables_Trust_2017-2_20170525_0001700667-17-000013.xml,Trust,Auto Loans,20170525,https://www.sec.gov//Archives/edgar/data/1477336/000170066717000013/ex102apr2017aart201721.xml
AMERICAN HONDA RECEIVABLES LLC,AMERICAN_HONDA_RECEIVABLES_LLC_20170522_0000950131-17-000223.xml,Depositor,Auto Loans,20170522,https://www.sec.gov//Archives/edgar/data/890975/000095013117000223/hndlnex102apr17_0518-1801.xml
AMERICAN HONDA RECEIVABLES LLC,AMERICAN_HONDA_RECEIVABLES_LLC_20170421_0000950131-17-000143.xml,Depositor,Auto Loans,20170421,https://www.sec.gov//Archives/edgar/data/890975/000095013117000143/hndlnex102mar17_0418-1535.xml
AMERICAN HONDA RECEIVABLES LLC,AMERICAN_HONDA_RECEIVABLES_LLC_20170314_0000950131-17-000083.xml,Depositor,Auto Loans,20170314,https://www.sec.gov//Archives/edgar/data/890975/000095013117000083/hndlnex102feb17_0309-1655.xml
AmeriCredit Automobile Receivables Trust 2017-1,AmeriCredit_Automobile_Receivables_Trust_2017-1_20170523_0001694010-17-000019.xml,Trust,Auto Loans,20170523,https://www.sec.gov//Archives/edgar/data/1694010/000169401017000019/exh1025710042017.xml
Banc of America Merrill Lynch Commercial Mortgage Inc.,Banc_of_America_Merrill_Lynch_Commercial_Mortgage_Inc._20170126_0001539497-17-000046.xml,Depositor,CMBS,20170126,https://www.sec.gov//Archives/edgar/data/1005007/000153949717000046/exh_102.xml
Banc of America Merrill Lynch Commercial Mortgage Inc.,Banc_of_America_Merrill_Lynch_Commercial_Mortgage_Inc._20161129_0001539497-16-004148.xml,Depositor,CMBS,20161129,https://www.sec.gov//Archives/edgar/data/1005007/000153949716004148/exh_102.xml
BANK 2017-BNK4,BANK_2017-BNK4_20170329_0001539497-17-000524.xml,Depositor,CMBS,20170329,https://www.sec.gov//Archives/edgar/data/850779/000153949717000524/exh_102.xml
Bank of America Merrill Lynch Commercial Mortgage Trust 2017-BNK3,Bank_of_America_Merrill_Lynch_Commercial_Mortgage_Trust_2017-BNK3_20170501_0001056404-17-001941.xml,Trust,CMBS,20170501,https://www.sec.gov//Archives/edgar/data/1694649/000105640417001941/exh_102.xml
Barclays Commercial Mortgage Securities LLC,Barclays_Commercial_Mortgage_Securities_LLC_20170210_0001539497-17-000118.xml,Depositor,CMBS,20170210,https://www.sec.gov//Archives/edgar/data/1541480/000153949717000118/exh_102.xml
BBCMS Mortgage Trust 2017-C1,BBCMS_Mortgage_Trust_2017-C1_20170501_0001056404-17-001945.xml,Trust,CMBS,20170501,https://www.sec.gov//Archives/edgar/data/1696707/000105640417001945/exh_102.xml
BMW AUTO LEASING LLC,BMW_AUTO_LEASING_LLC_20170309_0000929638-17-000295.xml,Depositor,Auto Leases,20170309,https://www.sec.gov//Archives/edgar/data/1126530/000092963817000295/exhibit102n.xml
California Republic Funding LLC,California_Republic_Funding_LLC_20170301_0000950131-17-000070.xml,Depositor,Auto Loans,20170301,https://www.sec.gov//Archives/edgar/data/1561326/000095013117000070/mblnex102jan17_022317-1926.xml
California Republic Funding LLC,California_Republic_Funding_LLC_20170203_0000950131-17-000015.xml,Depositor,Auto Loans,20170203,https://www.sec.gov//Archives/edgar/data/1561326/000095013117000015/qc_mb-lnex102_020217-1139.xml
CARMAX AUTO FUNDING LLC,CARMAX_AUTO_FUNDING_LLC_20170406_0001259380-17-000020.xml,Depositor,Auto Loans,20170406,https://www.sec.gov//Archives/edgar/data/1259380/000125938017000020/cart20172uwithformatting.xml
CARMAX AUTO FUNDING LLC,CARMAX_AUTO_FUNDING_LLC_20170406_0001259380-17-000018.xml,Depositor,Auto Loans,20170406,https://www.sec.gov//Archives/edgar/data/1259380/000125938017000018/cart20172bwithformatting.xml
CARMAX AUTO FUNDING LLC,CARMAX_AUTO_FUNDING_LLC_20170113_0001259380-17-000007.xml,Depositor,Auto Loans,20170113,https://www.sec.gov//Archives/edgar/data/1259380/000125938017000007/cart20171b.xml
CARMAX AUTO FUNDING LLC,CARMAX_AUTO_FUNDING_LLC_20170113_0001259380-17-000009.xml,Depositor,Auto Loans,20170113,https://www.sec.gov//Archives/edgar/data/1259380/000125938017000009/cart20171u.xml
"CCRE Commercial Mortgage Securities, L.P.","CCRE_Commercial_Mortgage_Securities,_L.P._20170508_0001539497-17-000681.xml",Depositor,CMBS,20170508,https://www.sec.gov//Archives/edgar/data/1515166/000153949717000681/exh_102.xml
"CCRE Commercial Mortgage Securities, L.P.","CCRE_Commercial_Mortgage_Securities,_L.P._20161130_0001539497-16-004174.xml",Depositor,CMBS,20161130,https://www.sec.gov//Archives/edgar/data/1515166/000153949716004174/exh_102.xml
CD 2017-CD3 Mortgage Trust,CD_2017-CD3_Mortgage_Trust_20170526_0001056404-17-002260.xml,Trust,CMBS,20170526,https://www.sec.gov//Archives/edgar/data/1693368/000105640417002260/exh_102.xml
CD 2017-CD3 Mortgage Trust,CD_2017-CD3_Mortgage_Trust_20170427_0001056404-17-001796.xml,Trust,CMBS,20170427,https://www.sec.gov//Archives/edgar/data/1693368/000105640417001796/exh_102.xml
CD 2017-CD4 Mortgage Trust,CD_2017-CD4_Mortgage_Trust_20170425_0001539497-17-000613.xml,Trust,CMBS,20170425,https://www.sec.gov//Archives/edgar/data/1690110/000105640417002135/exh_102.xml
CFCRE 2016-C7 Mortgage Trust,CFCRE_2016-C7_Mortgage_Trust_20170525_0001056404-17-002135.xml,Trust,CMBS,20170525,https://www.sec.gov//Archives/edgar/data/1690110/000105640417001658/exh_102.xml
CFCRE 2016-C7 Mortgage Trust,CFCRE_2016-C7_Mortgage_Trust_20170425_0001056404-17-001658.xml,Trust,CMBS,20170425,https://www.sec.gov//Archives/edgar/data/1690110/000105640417001088/exh_102.xml
CFCRE 2017-C8 Mortgage Trust,CFCRE_2017-C8_Mortgage_Trust_20170508_0001539497-17-000681.xml,Trust,CMBS,20170508,https://www.sec.gov//Archives/edgar/data/1258361/000153949717000500/exh_102.xml
CITIGROUP COMMERCIAL MORTGAGE SECURITIES INC,CITIGROUP_COMMERCIAL_MORTGAGE_SECURITIES_INC_20170324_0001539497-17-000500.xml,Depositor,CMBS,20170324,https://www.sec.gov//Archives/edgar/data/1258361/000153949717000032/exh_102.xml
CITIGROUP COMMERCIAL MORTGAGE SECURITIES INC,CITIGROUP_COMMERCIAL_MORTGAGE_SECURITIES_INC_20170124_0001539497-17-000032.xml,Depositor,CMBS,20170124,https://www.sec.gov//Archives/edgar/data/1258361/000153949716004124/exh_102.xml
CITIGROUP COMMERCIAL MORTGAGE SECURITIES INC,CITIGROUP_COMMERCIAL_MORTGAGE_SECURITIES_INC_20161129_0001539497-16-004124.xml,Depositor,CMBS,20161129,https://www.sec.gov//Archives/edgar/data/1690255/000095013117000241/cgcm6ex102aprmay17_0524-1707.xml
CITIGROUP COMMERCIAL MORTGAGE TRUST 2016-P6,CITIGROUP_COMMERCIAL_MORTGAGE_TRUST_2016-P6_20170526_0000950131-17-000241.xml,Trust,CMBS,20170526,https://www.sec.gov//Archives/edgar/data/1690255/000095013117000160/cgcmex102marapr17_0426-1904.xml
CITIGROUP COMMERCIAL MORTGAGE TRUST 2016-P6,CITIGROUP_COMMERCIAL_MORTGAGE_TRUST_2016-P6_20170427_0000950131-17-000160.xml,Trust,CMBS,20170427,https://www.sec.gov//Archives/edgar/data/1690255/000095013117000111/cgcmex102febmar17_0323-1711.xml
Credit Suisse Commercial Mortgage Securities Corp.,Credit_Suisse_Commercial_Mortgage_Securities_Corp._20161207_0001539497-16-004254.xml,Depositor,CMBS,20161207,https://www.sec.gov//Archives/edgar/data/1691198/000105640417001958/exh_102.xml
CSMC 2016-NXSR Commercial Mortgage Trust,CSMC_2016-NXSR_Commercial_Mortgage_Trust_20170501_0001056404-17-001958.xml,Trust,CMBS,20170501,https://www.sec.gov//Archives/edgar/data/1691198/000105640417001275/exh_102.xml
DAIMLER TRUST LEASING LLC,DAIMLER_TRUST_LEASING_LLC_20170519_0000950131-17-000216.xml,Trust,Auto Leases,20170519,https://www.sec.gov//Archives/edgar/data/1537805/000095013117000122/mbzlsex102mar17al_0404-1008.xml
DEUTSCHE MORTGAGE & ASSET RECEIVING CORP,DEUTSCHE_MORTGAGE_&_ASSET_RECEIVING_CORP_20170425_0001539497-17-000613.xml,Depositor,CMBS,20170425,https://www.sec.gov//Archives/edgar/data/1698937/000169893717000009/aconsolaldapril.xml
Ford Credit Auto Lease Trust 2017-A,Ford_Credit_Auto_Lease_Trust_2017-A_20170526_0001698937-17-000009.xml,Trust,Auto Leases,20170526,https://www.sec.gov//Archives/edgar/data/1698937/000169893717000005/aconsolaldmarch.xml
Ford Credit Auto Lease Two LLC,Ford_Credit_Auto_Lease_Two_LLC_20170315_0001519881-17-000007.xml,Depositor,Auto Leases,20170315,https://www.sec.gov//Archives/edgar/data/1692310/000169231017000020/autoloanmonthlydealf866.xml
Ford Credit Auto Owner Trust 2017-A,Ford_Credit_Auto_Owner_Trust_2017-A_20170526_0001692310-17-000020.xml,Trust,Auto Loans,20170526,https://www.sec.gov//Archives/edgar/data/1692310/000169231017000016/autoloanmonthlydealf866.xml
HYUNDAI ABS FUNDING LLC,HYUNDAI_ABS_FUNDING_LLC_20170425_0001144204-17-021953.xml,Depositor,Auto Loans,20170425,https://www.sec.gov//Archives/edgar/data/1260125/000114420417021953/v465102_ex102.xml
HYUNDAI ABS FUNDING LLC,HYUNDAI_ABS_FUNDING_LLC_20170315_0001144204-17-014722.xml,Depositor,Auto Loans,20170315,https://www.sec.gov//Archives/edgar/data/1260125/000114420417014722/v461912_ex102.xml
JP MORGAN CHASE COMMERCIAL MORTGAGE SECURITIES CORP,JP_MORGAN_CHASE_COMMERCIAL_MORTGAGE_SECURITIES_CORP_20170313_0001539497-17-000397.xml,Depositor,CMBS,20170313,https://www.sec.gov//Archives/edgar/data/1013611/000153949717000397/exh_102.xml
JP MORGAN CHASE COMMERCIAL MORTGAGE SECURITIES CORP,JP_MORGAN_CHASE_COMMERCIAL_MORTGAGE_SECURITIES_CORP_20170301_0001539497-17-000288.xml,Depositor,CMBS,20170301,https://www.sec.gov//Archives/edgar/data/1013611/000153949717000288/exh_102.xml
JP MORGAN CHASE COMMERCIAL MORTGAGE SECURITIES CORP,JP_MORGAN_CHASE_COMMERCIAL_MORTGAGE_SECURITIES_CORP_20161129_0001539497-16-004112.xml,Depositor,CMBS,20161129,https://www.sec.gov//Archives/edgar/data/1013611/000153949716004112/exh_102.xml
JPMCC Commercial Mortgage Securities Trust 2016-JP4,JPMCC_Commercial_Mortgage_Securities_Trust_2016-JP4_20170427_0001056404-17-001703.xml,Trust,CMBS,20170427,https://www.sec.gov//Archives/edgar/data/1689111/000105640417001703/exh_102.xml
JPMCC Commercial Mortgage Securities Trust 2017-JP5,JPMCC_Commercial_Mortgage_Securities_Trust_2017-JP5_20170427_0001056404-17-001723.xml,Trust,CMBS,20170427,https://www.sec.gov//Archives/edgar/data/1695154/000105640417001723/exh_102.xml
JPMDB Commercial Mortgage Securities Trust 2017-C5,JPMDB_Commercial_Mortgage_Securities_Trust_2017-C5_20170427_0001056404-17-001719.xml,Trust,CMBS,20170427,https://www.sec.gov//Archives/edgar/data/1699099/000105640417001719/exh_102.xml
Mercedes-Benz Auto Lease Trust 2017-A,Mercedes-Benz_Auto_Lease_Trust_2017-A_20170411_0000950131-17-000122.xml,Trust,Auto Leases,20170411,https://www.sec.gov//Archives/edgar/data/1537805/000095013117000122/mbzlsex102mar17al_0404-1008.xml
Morgan Stanley Bank of America Merrill Lynch Trust 2016-C32,Morgan_Stanley_Bank_of_America_Merrill_Lynch_Trust_2016-C32_20170501_0001056404-17-001933.xml,Trust,CMBS,20170501,https://www.sec.gov//Archives/edgar/data/1690577/000105640417001933/exh_102.xml
Morgan Stanley Bank of America Merrill Lynch Trust 2017-C33,Morgan_Stanley_Bank_of_America_Merrill_Lynch_Trust_2017-C33_20170426_0001539497-17-000629.xml,Trust,CMBS,20170426,https://www.sec.gov//Archives/edgar/data/1547361/000153949717000629/exh_102.xml
Morgan Stanley Capital I Inc.,Morgan_Stanley_Capital_I_Inc._20170516_0001539497-17-000730.xml,Depositor,CMBS,20170516,https://www.sec.gov//Archives/edgar/data/1547361/000153949717000730/exh_102.xml
Morgan Stanley Capital I Inc.,Morgan_Stanley_Capital_I_Inc._20170426_0001539497-17-000629.xml,Depositor,CMBS,20170426,https://www.sec.gov//Archives/edgar/data/1547361/000153949717000629/exh_102.xml
Morgan Stanley Capital I Trust 2017-H1,Morgan_Stanley_Capital_I_Trust_2017-H1_20170516_0001539497-17-000730.xml,Trust,CMBS,20170516,https://www.sec.gov//Archives/edgar/data/1547361/000153949717000730/exh_102.xml
NISSAN AUTO RECEIVABLES CORP II,NISSAN_AUTO_RECEIVABLES_CORP_II_20170426_0000950131-17-000154.xml,Depositor,Auto Loans,20170426,https://www.sec.gov//Archives/edgar/data/1129068/000095013117000154/nislnex102mar17_0424-1207.xml
NISSAN AUTO RECEIVABLES CORP II,NISSAN_AUTO_RECEIVABLES_CORP_II_20170315_0000950131-17-000086.xml,Depositor,Auto Loans,20170315,https://www.sec.gov//Archives/edgar/data/1129068/000095013117000086/nislnex102feb17_0314-1525.xml
SANTANDER DRIVE AUTO RECEIVABLES LLC,SANTANDER_DRIVE_AUTO_RECEIVABLES_LLC_20170518_0000950131-17-000211.xml,Depositor,Auto Loans,20170518,https://www.sec.gov//Archives/edgar/data/1383094/000095013117000211/san2lnex102apr17_0517-1224sp.xml
SANTANDER DRIVE AUTO RECEIVABLES LLC,SANTANDER_DRIVE_AUTO_RECEIVABLES_LLC_20170518_0000950131-17-000209.xml,Depositor,Auto Loans,20170518,https://www.sec.gov//Archives/edgar/data/1383094/000095013117000209/san2lnex102apr17_0517-1202lp.xml
SANTANDER DRIVE AUTO RECEIVABLES LLC,SANTANDER_DRIVE_AUTO_RECEIVABLES_LLC_20170515_0000950131-17-000199.xml,Depositor,Auto Loans,20170515,https://www.sec.gov//Archives/edgar/data/1383094/000095013117000199/san1lnex102apr17_0509-1141.xml
SANTANDER DRIVE AUTO RECEIVABLES LLC,SANTANDER_DRIVE_AUTO_RECEIVABLES_LLC_20170417_0000950131-17-000134.xml,Depositor,Auto Loans,20170417,https://www.sec.gov//Archives/edgar/data/1383094/000095013117000134/sanlnex102mar17_0412-1702.xml
SANTANDER DRIVE AUTO RECEIVABLES LLC,SANTANDER_DRIVE_AUTO_RECEIVABLES_LLC_20170315_0000950131-17-000090.xml,Depositor,Auto Loans,20170315,https://www.sec.gov//Archives/edgar/data/1383094/000095013117000090/sanlnex102feb17_0313-1737.xml
SANTANDER DRIVE AUTO RECEIVABLES LLC,SANTANDER_DRIVE_AUTO_RECEIVABLES_LLC_20170216_0000950131-17-000040.xml,Depositor,Auto Loans,20170216,https://www.sec.gov//Archives/edgar/data/1383094/000095013117000040/sanlnex102jan17_021517-1238.xml
TOYOTA AUTO FINANCE RECEIVABLES LLC,TOYOTA_AUTO_FINANCE_RECEIVABLES_LLC_20170502_0000950131-17-000183.xml,Depositor,Auto Loans,20170502,https://www.sec.gov//Archives/edgar/data/1131131/000095013117000183/toylnex102mar17_0426-1732bs.xml
TOYOTA AUTO FINANCE RECEIVABLES LLC,TOYOTA_AUTO_FINANCE_RECEIVABLES_LLC_20170502_0000950131-17-000186.xml,Depositor,Auto Loans,20170502,https://www.sec.gov//Archives/edgar/data/1131131/000095013117000186/toylnex102mar17_0501-1745upe.xml
TOYOTA AUTO FINANCE RECEIVABLES LLC,TOYOTA_AUTO_FINANCE_RECEIVABLES_LLC_20170425_0000950131-17-000147.xml,Depositor,Auto Loans,20170425,https://www.sec.gov//Archives/edgar/data/1131131/000095013117000147/toylnex102mar17_0421-1057-1.xml
TOYOTA AUTO FINANCE RECEIVABLES LLC,TOYOTA_AUTO_FINANCE_RECEIVABLES_LLC_20170227_0000950131-17-000068.xml,Depositor,Auto Loans,20170227,https://www.sec.gov//Archives/edgar/data/1131131/000095013117000068/toylnex102jan17_022717-1109.xml
WELLS FARGO COMMERCIAL MORTGAGE SECURITIES INC,WELLS_FARGO_COMMERCIAL_MORTGAGE_SECURITIES_INC_20170329_0001539497-17-000524.xml,Depositor,CMBS,20170329,https://www.sec.gov//Archives/edgar/data/850779/000153949717000524/exh_102.xml
WELLS FARGO COMMERCIAL MORTGAGE SECURITIES INC,WELLS_FARGO_COMMERCIAL_MORTGAGE_SECURITIES_INC_20170315_0001539497-17-000444.xml,Depositor,CMBS,20170315,https://www.sec.gov//Archives/edgar/data/850779/000153949717000444/exh_102.xml
WELLS FARGO COMMERCIAL MORTGAGE SECURITIES INC,WELLS_FARGO_COMMERCIAL_MORTGAGE_SECURITIES_INC_20170222_0001539497-17-000237.xml,Depositor,CMBS,20170222,https://www.sec.gov//Archives/edgar/data/850779/000153949717000237/exh_102.xml
WELLS FARGO COMMERCIAL MORTGAGE SECURITIES INC,WELLS_FARGO_COMMERCIAL_MORTGAGE_SECURITIES_INC_20161206_0001539497-16-004238.xml,Depositor,CMBS,20161206,https://www.sec.gov//Archives/edgar/data/850779/000153949716004238/exh_102.xml
Wells Fargo Commercial Mortgage Trust 2016-C37,Wells_Fargo_Commercial_Mortgage_Trust_2016-C37_20170501_0001056404-17-001912.xml,Trust,CMBS,20170501,https://www.sec.gov//Archives/edgar/data/1688957/000105640417001912/exh_102.xml
Wells Fargo Commercial Mortgage Trust 2017-RB1,Wells_Fargo_Commercial_Mortgage_Trust_2017-RB1_20170501_0001056404-17-001917.xml,Trust,CMBS,20170501,https://www.sec.gov//Archives/edgar/data/1699462/000105640417001917/exh_102.xml
Wells Fargo Commercial Mortgage Trust 2017-RC1,Wells_Fargo_Commercial_Mortgage_Trust_2017-RC1_20170501_0001056404-17-001923.xml,Trust,CMBS,20170501,https://www.sec.gov//Archives/edgar/data/1695924/000105640417001923/exh_102.xml
World Omni Auto Leasing LLC,World_Omni_Auto_Leasing_LLC_20170421_0001144204-17-021422.xml,Depositor,Auto Leases,20170421,https://www.sec.gov//Archives/edgar/data/1439697/000114420417021422/woalst2017aex102mar17.xml
World Omni Auto Leasing LLC,World_Omni_Auto_Leasing_LLC_20170421_0001144204-17-021419.xml,Depositor,Auto Leases,20170421,https://www.sec.gov//Archives/edgar/data/1439697/000114420417021419/woalst2017aex102feb17.xml
World Omni Auto Leasing LLC,World_Omni_Auto_Leasing_LLC_20170224_0001144204-17-010943.xml,Depositor,Auto Leases,20170224,https://www.sec.gov//Archives/edgar/data/1439697/000114420417010943/v460202_ex102.xml
WORLD OMNI AUTO RECEIVABLES LLC,WORLD_OMNI_AUTO_RECEIVABLES_LLC_20170405_0001144204-17-019135.xml,Depositor,Auto Loans,20170405,https://www.sec.gov//Archives/edgar/data/1083199/000114420417019135/v462727_ex102.xml
WORLD OMNI AUTO RECEIVABLES LLC,WORLD_OMNI_AUTO_RECEIVABLES_LLC_20170405_0001144204-17-019136.xml,Depositor,Auto Loans,20170405,https://www.sec.gov//Archives/edgar/data/1083199/000114420417019136/v462809_ex102.xml
World Omni Automobile Lease Securitization Trust 2017-A,World_Omni_Automobile_Lease_Securitization_Trust_2017-A_20170524_0001144204-17-029222.xml,Trust,Auto Leases,20170524,https://www.sec.gov//Archives/edgar/data/1439697/000114420417029222/woalst2017aex102apr17.xml
